SlNo,Station,Agency,State LGD Code,State,District LGD Code,District,Tehsil,Block,Village,River,Basin,Tributary,Subtributary,SubSubtributary,Local River,Latitude,Longitude,Data Acquisition Time,Manual Daily Rainfall (mm)
1,BHADAR AT BHADAR DAM,Gujarat SW GW,8,Rajasthan,105,JHALAWAR,KHANPUR,-,-,Mahi,Mahi,-,-,-,-,23.30000000,73.67416667,15-06-1993 08:30,60
2,BHADAR AT BHADAR DAM,Gujarat SW GW,8,Rajasthan,105,JHALAWAR,KHANPUR,-,-,Mahi,Mahi,-,-,-,-,23.30000000,73.67416667,16-06-1993 08:30,6
3,BHADAR AT BHADAR DAM,Gujarat SW GW,8,Rajasthan,105,JHALAWAR,KHANPUR,-,-,Mahi,Mahi,-,-,-,-,23.30000000,73.67416667,18-06-1993 08:30,1
4,BHADAR AT BHADAR DAM,Gujarat SW GW,8,Rajasthan,105,JHALAWAR,KHANPUR,-,-,Mahi,Mahi,-,-,-,-,23.30000000,73.67416667,26-06-1993 08:30,64
5,BHADAR AT BHADAR DAM,Gujarat SW GW,8,Rajasthan,105,JHALAWAR,KHANPUR,-,-,Mahi,Mahi,-,-,-,-,23.30000000,73.67416667,27-06-1993 08:30,15
6,BHADAR AT BHADAR DAM,Gujarat SW GW,8,Rajasthan,105,JHALAWAR,KHANPUR,-,-,Mahi,Mahi,-,-,-,-,23.30000000,73.67416667,29-06-1993 08:30,2
7,BHADAR AT BHADAR DAM,Gujarat SW GW,8,Rajasthan,105,JHALAWAR,KHANPUR,-,-,Mahi,Mahi,-,-,-,-,23.30000000,73.67416667,04-07-1993 08:30,67
8,BHADAR AT BHADAR DAM,Gujarat SW GW,8,Rajasthan,105,JHALAWAR,KHANPUR,-,-,Mahi,Mahi,-,-,-,-,23.30000000,73.67416667,05-07-1993 08:30,20
9,BHADAR AT BHADAR DAM,Gujarat SW GW,8,Rajasthan,105,JHALAWAR,KHANPUR,-,-,Mahi,Mahi,-,-,-,-,23.30000000,73.67416667,07-07-1993 08:30,30
10,BHADAR AT BHADAR DAM,Gujarat SW GW,8,Rajasthan,105,JHALAWAR,KHANPUR,-,-,Mahi,Mahi,-,-,-,-,23.30000000,73.67416667,08-07-1993 08:30,10
11,BHADAR AT BHADAR DAM,Gujarat SW GW,8,Rajasthan,105,JHALAWAR,KHANPUR,-,-,Mahi,Mahi,-,-,-,-,23.30000000,73.67416667,09-07-1993 08:30,57
12,BHADAR AT BHADAR DAM,Gujarat SW GW,8,Rajasthan,105,JHALAWAR,KHANPUR,-,-,Mahi,Mahi,-,-,-,-,23.30000000,73.67416667,10-07-1993 08:30,42
13,BHADAR AT BHADAR DAM,Gujarat SW GW,8,Rajasthan,105,JHALAWAR,KHANPUR,-,-,Mahi,Mahi,-,-,-,-,23.30000000,73.67416667,11-07-1993 08:30,52
14,BHADAR AT BHADAR DAM,Gujarat SW GW,8,Rajasthan,105,JHALAWAR,KHANPUR,-,-,Mahi,Mahi,-,-,-,-,23.30000000,73.67416667,12-07-1993 08:30,1
15,BHADAR AT BHADAR DAM,Gujarat SW GW,8,Rajasthan,105,JHALAWAR,KHANPUR,-,-,Mahi,Mahi,-,-,-,-,23.30000000,73.67416667,14-07-1993 08:30,1
16,BHADAR AT BHADAR DAM,Gujarat SW GW,8,Rajasthan,105,JHALAWAR,KHANPUR,-,-,Mahi,Mahi,-,-,-,-,23.30000000,73.67416667,16-07-1993 08:30,1
17,BHADAR AT BHADAR DAM,Gujarat SW GW,8,Rajasthan,105,JHALAWAR,KHANPUR,-,-,Mahi,Mahi,-,-,-,-,23.30000000,73.67416667,17-07-1993 08:30,34
18,BHADAR AT BHADAR DAM,Gujarat SW GW,8,Rajasthan,105,JHALAWAR,KHANPUR,-,-,Mahi,Mahi,-,-,-,-,23.30000000,73.67416667,19-07-1993 08:30,12
19,BHADAR AT BHADAR DAM,Gujarat SW GW,8,Rajasthan,105,JHALAWAR,KHANPUR,-,-,Mahi,Mahi,-,-,-,-,23.30000000,73.67416667,20-07-1993 08:30,1
20,BHADAR AT BHADAR DAM,Gujarat SW GW,8,Rajasthan,105,JHALAWAR,KHANPUR,-,-,Mahi,Mahi,-,-,-,-,23.30000000,73.67416667,25-07-1993 08:30,2
21,BHADAR AT BHADAR DAM,Gujarat SW GW,8,Rajasthan,105,JHALAWAR,KHANPUR,-,-,Mahi,Mahi,-,-,-,-,23.30000000,73.67416667,01-08-1993 08:30,4
22,BHADAR AT BHADAR DAM,Gujarat SW GW,8,Rajasthan,105,JHALAWAR,KHANPUR,-,-,Mahi,Mahi,-,-,-,-,23.30000000,73.67416667,05-08-1993 08:30,1
23,BHADAR AT BHADAR DAM,Gujarat SW GW,8,Rajasthan,105,JHALAWAR,KHANPUR,-,-,Mahi,Mahi,-,-,-,-,23.30000000,73.67416667,06-08-1993 08:30,3
24,BHADAR AT BHADAR DAM,Gujarat SW GW,8,Rajasthan,105,JHALAWAR,KHANPUR,-,-,Mahi,Mahi,-,-,-,-,23.30000000,73.67416667,07-08-1993 08:30,6
25,BHADAR AT BHADAR DAM,Gujarat SW GW,8,Rajasthan,105,JHALAWAR,KHANPUR,-,-,Mahi,Mahi,-,-,-,-,23.30000000,73.67416667,08-08-1993 08:30,1
26,BHADAR AT BHADAR DAM,Gujarat SW GW,8,Rajasthan,105,JHALAWAR,KHANPUR,-,-,Mahi,Mahi,-,-,-,-,23.30000000,73.67416667,12-08-1993 08:30,1
27,BHADAR AT BHADAR DAM,Gujarat SW GW,8,Rajasthan,105,JHALAWAR,KHANPUR,-,-,Mahi,Mahi,-,-,-,-,23.30000000,73.67416667,17-08-1993 08:30,16
28,BHADAR AT BHADAR DAM,Gujarat SW GW,8,Rajasthan,105,JHALAWAR,KHANPUR,-,-,Mahi,Mahi,-,-,-,-,23.30000000,73.67416667,19-08-1993 08:30,12
29,BHADAR AT BHADAR DAM,Gujarat SW GW,8,Rajasthan,105,JHALAWAR,KHANPUR,-,-,Mahi,Mahi,-,-,-,-,23.30000000,73.67416667,09-09-1993 08:30,3
30,BHADAR AT BHADAR DAM,Gujarat SW GW,8,Rajasthan,105,JHALAWAR,KHANPUR,-,-,Mahi,Mahi,-,-,-,-,23.30000000,73.67416667,10-09-1993 08:30,2
31,BHADAR AT BHADAR DAM,Gujarat SW GW,8,Rajasthan,105,JHALAWAR,KHANPUR,-,-,Mahi,Mahi,-,-,-,-,23.30000000,73.67416667,24-09-1993 08:30,13
32,BHADAR AT BHADAR DAM,Gujarat SW GW,8,Rajasthan,105,JHALAWAR,KHANPUR,-,-,Mahi,Mahi,-,-,-,-,23.30000000,73.67416667,25-09-1993 08:30,8
33,BHADAR AT BHADAR DAM,Gujarat SW GW,8,Rajasthan,105,JHALAWAR,KHANPUR,-,-,Mahi,Mahi,-,-,-,-,23.30000000,73.67416667,26-09-1993 08:30,1
34,BHADAR AT BHADAR DAM,Gujarat SW GW,8,Rajasthan,105,JHALAWAR,KHANPUR,-,-,Mahi,Mahi,-,-,-,-,23.30000000,73.67416667,14-10-1993 08:30,4
35,BHADAR AT BHADAR DAM,Gujarat SW GW,8,Rajasthan,105,JHALAWAR,KHANPUR,-,-,Mahi,Mahi,-,-,-,-,23.30000000,73.67416667,25-10-1993 08:30,10
36,BHADAR AT BHADAR DAM,Gujarat SW GW,8,Rajasthan,105,JHALAWAR,KHANPUR,-,-,Mahi,Mahi,-,-,-,-,23.30000000,73.67416667,14-06-1994 08:30,25
37,BHADAR AT BHADAR DAM,Gujarat SW GW,8,Rajasthan,105,JHALAWAR,KHANPUR,-,-,Mahi,Mahi,-,-,-,-,23.30000000,73.67416667,23-06-1994 08:30,1
38,BHADAR AT BHADAR DAM,Gujarat SW GW,8,Rajasthan,105,JHALAWAR,KHANPUR,-,-,Mahi,Mahi,-,-,-,-,23.30000000,73.67416667,24-06-1994 08:30,6
39,BHADAR AT BHADAR DAM,Gujarat SW GW,8,Rajasthan,105,JHALAWAR,KHANPUR,-,-,Mahi,Mahi,-,-,-,-,23.30000000,73.67416667,25-06-1994 08:30,14
40,BHADAR AT BHADAR DAM,Gujarat SW GW,8,Rajasthan,105,JHALAWAR,KHANPUR,-,-,Mahi,Mahi,-,-,-,-,23.30000000,73.67416667,26-06-1994 08:30,5
41,BHADAR AT BHADAR DAM,Gujarat SW GW,8,Rajasthan,105,JHALAWAR,KHANPUR,-,-,Mahi,Mahi,-,-,-,-,23.30000000,73.67416667,29-06-1994 08:30,10
42,BHADAR AT BHADAR DAM,Gujarat SW GW,8,Rajasthan,105,JHALAWAR,KHANPUR,-,-,Mahi,Mahi,-,-,-,-,23.30000000,73.67416667,30-06-1994 08:30,70
43,BHADAR AT BHADAR DAM,Gujarat SW GW,8,Rajasthan,105,JHALAWAR,KHANPUR,-,-,Mahi,Mahi,-,-,-,-,23.30000000,73.67416667,01-07-1994 08:30,4
44,BHADAR AT BHADAR DAM,Gujarat SW GW,8,Rajasthan,105,JHALAWAR,KHANPUR,-,-,Mahi,Mahi,-,-,-,-,23.30000000,73.67416667,02-07-1994 08:30,3
45,BHADAR AT BHADAR DAM,Gujarat SW GW,8,Rajasthan,105,JHALAWAR,KHANPUR,-,-,Mahi,Mahi,-,-,-,-,23.30000000,73.67416667,04-07-1994 08:30,10
46,BHADAR AT BHADAR DAM,Gujarat SW GW,8,Rajasthan,105,JHALAWAR,KHANPUR,-,-,Mahi,Mahi,-,-,-,-,23.30000000,73.67416667,05-07-1994 08:30,16
47,BHADAR AT BHADAR DAM,Gujarat SW GW,8,Rajasthan,105,JHALAWAR,KHANPUR,-,-,Mahi,Mahi,-,-,-,-,23.30000000,73.67416667,06-07-1994 08:30,21
48,BHADAR AT BHADAR DAM,Gujarat SW GW,8,Rajasthan,105,JHALAWAR,KHANPUR,-,-,Mahi,Mahi,-,-,-,-,23.30000000,73.67416667,08-07-1994 08:30,12
49,BHADAR AT BHADAR DAM,Gujarat SW GW,8,Rajasthan,105,JHALAWAR,KHANPUR,-,-,Mahi,Mahi,-,-,-,-,23.30000000,73.67416667,09-07-1994 08:30,52
50,BHADAR AT BHADAR DAM,Gujarat SW GW,8,Rajasthan,105,JHALAWAR,KHANPUR,-,-,Mahi,Mahi,-,-,-,-,23.30000000,73.67416667,11-07-1994 08:30,14
51,BHADAR AT BHADAR DAM,Gujarat SW GW,8,Rajasthan,105,JHALAWAR,KHANPUR,-,-,Mahi,Mahi,-,-,-,-,23.30000000,73.67416667,14-07-1994 08:30,70
52,BHADAR AT BHADAR DAM,Gujarat SW GW,8,Rajasthan,105,JHALAWAR,KHANPUR,-,-,Mahi,Mahi,-,-,-,-,23.30000000,73.67416667,15-07-1994 08:30,9
53,BHADAR AT BHADAR DAM,Gujarat SW GW,8,Rajasthan,105,JHALAWAR,KHANPUR,-,-,Mahi,Mahi,-,-,-,-,23.30000000,73.67416667,16-07-1994 08:30,12
54,BHADAR AT BHADAR DAM,Gujarat SW GW,8,Rajasthan,105,JHALAWAR,KHANPUR,-,-,Mahi,Mahi,-,-,-,-,23.30000000,73.67416667,17-07-1994 08:30,2
55,BHADAR AT BHADAR DAM,Gujarat SW GW,8,Rajasthan,105,JHALAWAR,KHANPUR,-,-,Mahi,Mahi,-,-,-,-,23.30000000,73.67416667,21-07-1994 08:30,25
56,BHADAR AT BHADAR DAM,Gujarat SW GW,8,Rajasthan,105,JHALAWAR,KHANPUR,-,-,Mahi,Mahi,-,-,-,-,23.30000000,73.67416667,22-07-1994 08:30,21
57,BHADAR AT BHADAR DAM,Gujarat SW GW,8,Rajasthan,105,JHALAWAR,KHANPUR,-,-,Mahi,Mahi,-,-,-,-,23.30000000,73.67416667,26-07-1994 08:30,25
58,BHADAR AT BHADAR DAM,Gujarat SW GW,8,Rajasthan,105,JHALAWAR,KHANPUR,-,-,Mahi,Mahi,-,-,-,-,23.30000000,73.67416667,27-07-1994 08:30,17
59,BHADAR AT BHADAR DAM,Gujarat SW GW,8,Rajasthan,105,JHALAWAR,KHANPUR,-,-,Mahi,Mahi,-,-,-,-,23.30000000,73.67416667,28-07-1994 08:30,14
60,BHADAR AT BHADAR DAM,Gujarat SW GW,8,Rajasthan,105,JHALAWAR,KHANPUR,-,-,Mahi,Mahi,-,-,-,-,23.30000000,73.67416667,29-07-1994 08:30,2
61,BHADAR AT BHADAR DAM,Gujarat SW GW,8,Rajasthan,105,JHALAWAR,KHANPUR,-,-,Mahi,Mahi,-,-,-,-,23.30000000,73.67416667,30-07-1994 08:30,9
62,BHADAR AT BHADAR DAM,Gujarat SW GW,8,Rajasthan,105,JHALAWAR,KHANPUR,-,-,Mahi,Mahi,-,-,-,-,23.30000000,73.67416667,31-07-1994 08:30,7
63,BHADAR AT BHADAR DAM,Gujarat SW GW,8,Rajasthan,105,JHALAWAR,KHANPUR,-,-,Mahi,Mahi,-,-,-,-,23.30000000,73.67416667,01-08-1994 08:30,5
64,BHADAR AT BHADAR DAM,Gujarat SW GW,8,Rajasthan,105,JHALAWAR,KHANPUR,-,-,Mahi,Mahi,-,-,-,-,23.30000000,73.67416667,02-08-1994 08:30,189
65,BHADAR AT BHADAR DAM,Gujarat SW GW,8,Rajasthan,105,JHALAWAR,KHANPUR,-,-,Mahi,Mahi,-,-,-,-,23.30000000,73.67416667,03-08-1994 08:30,36
66,BHADAR AT BHADAR DAM,Gujarat SW GW,8,Rajasthan,105,JHALAWAR,KHANPUR,-,-,Mahi,Mahi,-,-,-,-,23.30000000,73.67416667,05-08-1994 08:30,7
67,BHADAR AT BHADAR DAM,Gujarat SW GW,8,Rajasthan,105,JHALAWAR,KHANPUR,-,-,Mahi,Mahi,-,-,-,-,23.30000000,73.67416667,06-08-1994 08:30,7
68,BHADAR AT BHADAR DAM,Gujarat SW GW,8,Rajasthan,105,JHALAWAR,KHANPUR,-,-,Mahi,Mahi,-,-,-,-,23.30000000,73.67416667,08-08-1994 08:30,2
69,BHADAR AT BHADAR DAM,Gujarat SW GW,8,Rajasthan,105,JHALAWAR,KHANPUR,-,-,Mahi,Mahi,-,-,-,-,23.30000000,73.67416667,11-08-1994 08:30,18
70,BHADAR AT BHADAR DAM,Gujarat SW GW,8,Rajasthan,105,JHALAWAR,KHANPUR,-,-,Mahi,Mahi,-,-,-,-,23.30000000,73.67416667,14-08-1994 08:30,12
71,BHADAR AT BHADAR DAM,Gujarat SW GW,8,Rajasthan,105,JHALAWAR,KHANPUR,-,-,Mahi,Mahi,-,-,-,-,23.30000000,73.67416667,15-08-1994 08:30,17
72,BHADAR AT BHADAR DAM,Gujarat SW GW,8,Rajasthan,105,JHALAWAR,KHANPUR,-,-,Mahi,Mahi,-,-,-,-,23.30000000,73.67416667,16-08-1994 08:30,2
73,BHADAR AT BHADAR DAM,Gujarat SW GW,8,Rajasthan,105,JHALAWAR,KHANPUR,-,-,Mahi,Mahi,-,-,-,-,23.30000000,73.67416667,18-08-1994 08:30,2
74,BHADAR AT BHADAR DAM,Gujarat SW GW,8,Rajasthan,105,JHALAWAR,KHANPUR,-,-,Mahi,Mahi,-,-,-,-,23.30000000,73.67416667,19-08-1994 08:30,9
75,BHADAR AT BHADAR DAM,Gujarat SW GW,8,Rajasthan,105,JHALAWAR,KHANPUR,-,-,Mahi,Mahi,-,-,-,-,23.30000000,73.67416667,20-08-1994 08:30,72
76,BHADAR AT BHADAR DAM,Gujarat SW GW,8,Rajasthan,105,JHALAWAR,KHANPUR,-,-,Mahi,Mahi,-,-,-,-,23.30000000,73.67416667,21-08-1994 08:30,2
77,BHADAR AT BHADAR DAM,Gujarat SW GW,8,Rajasthan,105,JHALAWAR,KHANPUR,-,-,Mahi,Mahi,-,-,-,-,23.30000000,73.67416667,27-08-1994 08:30,3
78,BHADAR AT BHADAR DAM,Gujarat SW GW,8,Rajasthan,105,JHALAWAR,KHANPUR,-,-,Mahi,Mahi,-,-,-,-,23.30000000,73.67416667,28-08-1994 08:30,72
79,BHADAR AT BHADAR DAM,Gujarat SW GW,8,Rajasthan,105,JHALAWAR,KHANPUR,-,-,Mahi,Mahi,-,-,-,-,23.30000000,73.67416667,31-08-1994 08:30,7
80,BHADAR AT BHADAR DAM,Gujarat SW GW,8,Rajasthan,105,JHALAWAR,KHANPUR,-,-,Mahi,Mahi,-,-,-,-,23.30000000,73.67416667,01-09-1994 08:30,30
81,BHADAR AT BHADAR DAM,Gujarat SW GW,8,Rajasthan,105,JHALAWAR,KHANPUR,-,-,Mahi,Mahi,-,-,-,-,23.30000000,73.67416667,02-09-1994 08:30,20
82,BHADAR AT BHADAR DAM,Gujarat SW GW,8,Rajasthan,105,JHALAWAR,KHANPUR,-,-,Mahi,Mahi,-,-,-,-,23.30000000,73.67416667,03-09-1994 08:30,23
83,BHADAR AT BHADAR DAM,Gujarat SW GW,8,Rajasthan,105,JHALAWAR,KHANPUR,-,-,Mahi,Mahi,-,-,-,-,23.30000000,73.67416667,07-09-1994 08:30,84
84,BHADAR AT BHADAR DAM,Gujarat SW GW,8,Rajasthan,105,JHALAWAR,KHANPUR,-,-,Mahi,Mahi,-,-,-,-,23.30000000,73.67416667,08-09-1994 08:30,42
85,BHADAR AT BHADAR DAM,Gujarat SW GW,8,Rajasthan,105,JHALAWAR,KHANPUR,-,-,Mahi,Mahi,-,-,-,-,23.30000000,73.67416667,09-09-1994 08:30,10
86,BHADAR AT BHADAR DAM,Gujarat SW GW,8,Rajasthan,105,JHALAWAR,KHANPUR,-,-,Mahi,Mahi,-,-,-,-,23.30000000,73.67416667,10-09-1994 08:30,5
87,BHADAR AT BHADAR DAM,Gujarat SW GW,8,Rajasthan,105,JHALAWAR,KHANPUR,-,-,Mahi,Mahi,-,-,-,-,23.30000000,73.67416667,15-09-1994 08:30,13
88,BHADAR AT BHADAR DAM,Gujarat SW GW,8,Rajasthan,105,JHALAWAR,KHANPUR,-,-,Mahi,Mahi,-,-,-,-,23.30000000,73.67416667,16-09-1994 08:30,45
89,BHADAR AT BHADAR DAM,Gujarat SW GW,8,Rajasthan,105,JHALAWAR,KHANPUR,-,-,Mahi,Mahi,-,-,-,-,23.30000000,73.67416667,17-09-1994 08:30,4
90,BHADAR AT BHADAR DAM,Gujarat SW GW,8,Rajasthan,105,JHALAWAR,KHANPUR,-,-,Mahi,Mahi,-,-,-,-,23.30000000,73.67416667,20-09-1994 08:30,2
91,BHADAR AT BHADAR DAM,Gujarat SW GW,8,Rajasthan,105,JHALAWAR,KHANPUR,-,-,Mahi,Mahi,-,-,-,-,23.30000000,73.67416667,29-06-1995 08:30,16
92,BHADAR AT BHADAR DAM,Gujarat SW GW,8,Rajasthan,105,JHALAWAR,KHANPUR,-,-,Mahi,Mahi,-,-,-,-,23.30000000,73.67416667,12-07-1995 08:30,1
93,BHADAR AT BHADAR DAM,Gujarat SW GW,8,Rajasthan,105,JHALAWAR,KHANPUR,-,-,Mahi,Mahi,-,-,-,-,23.30000000,73.67416667,15-07-1995 08:30,7
94,BHADAR AT BHADAR DAM,Gujarat SW GW,8,Rajasthan,105,JHALAWAR,KHANPUR,-,-,Mahi,Mahi,-,-,-,-,23.30000000,73.67416667,16-07-1995 08:30,12
95,BHADAR AT BHADAR DAM,Gujarat SW GW,8,Rajasthan,105,JHALAWAR,KHANPUR,-,-,Mahi,Mahi,-,-,-,-,23.30000000,73.67416667,17-07-1995 08:30,6
96,BHADAR AT BHADAR DAM,Gujarat SW GW,8,Rajasthan,105,JHALAWAR,KHANPUR,-,-,Mahi,Mahi,-,-,-,-,23.30000000,73.67416667,18-07-1995 08:30,6
97,BHADAR AT BHADAR DAM,Gujarat SW GW,8,Rajasthan,105,JHALAWAR,KHANPUR,-,-,Mahi,Mahi,-,-,-,-,23.30000000,73.67416667,19-07-1995 08:30,50
98,BHADAR AT BHADAR DAM,Gujarat SW GW,8,Rajasthan,105,JHALAWAR,KHANPUR,-,-,Mahi,Mahi,-,-,-,-,23.30000000,73.67416667,20-07-1995 08:30,2
99,BHADAR AT BHADAR DAM,Gujarat SW GW,8,Rajasthan,105,JHALAWAR,KHANPUR,-,-,Mahi,Mahi,-,-,-,-,23.30000000,73.67416667,21-07-1995 08:30,16
100,BHADAR AT BHADAR DAM,Gujarat SW GW,8,Rajasthan,105,JHALAWAR,KHANPUR,-,-,Mahi,Mahi,-,-,-,-,23.30000000,73.67416667,22-07-1995 08:30,15
101,BHADAR AT BHADAR DAM,Gujarat SW GW,8,Rajasthan,105,JHALAWAR,KHANPUR,-,-,Mahi,Mahi,-,-,-,-,23.30000000,73.67416667,23-07-1995 08:30,1
102,BHADAR AT BHADAR DAM,Gujarat SW GW,8,Rajasthan,105,JHALAWAR,KHANPUR,-,-,Mahi,Mahi,-,-,-,-,23.30000000,73.67416667,25-07-1995 08:30,33
103,BHADAR AT BHADAR DAM,Gujarat SW GW,8,Rajasthan,105,JHALAWAR,KHANPUR,-,-,Mahi,Mahi,-,-,-,-,23.30000000,73.67416667,26-07-1995 08:30,49
104,BHADAR AT BHADAR DAM,Gujarat SW GW,8,Rajasthan,105,JHALAWAR,KHANPUR,-,-,Mahi,Mahi,-,-,-,-,23.30000000,73.67416667,27-07-1995 08:30,27
105,BHADAR AT BHADAR DAM,Gujarat SW GW,8,Rajasthan,105,JHALAWAR,KHANPUR,-,-,Mahi,Mahi,-,-,-,-,23.30000000,73.67416667,28-07-1995 08:30,5
106,BHADAR AT BHADAR DAM,Gujarat SW GW,8,Rajasthan,105,JHALAWAR,KHANPUR,-,-,Mahi,Mahi,-,-,-,-,23.30000000,73.67416667,30-07-1995 08:30,4
107,BHADAR AT BHADAR DAM,Gujarat SW GW,8,Rajasthan,105,JHALAWAR,KHANPUR,-,-,Mahi,Mahi,-,-,-,-,23.30000000,73.67416667,31-07-1995 08:30,80
108,BHADAR AT BHADAR DAM,Gujarat SW GW,8,Rajasthan,105,JHALAWAR,KHANPUR,-,-,Mahi,Mahi,-,-,-,-,23.30000000,73.67416667,01-08-1995 08:30,1
109,BHADAR AT BHADAR DAM,Gujarat SW GW,8,Rajasthan,105,JHALAWAR,KHANPUR,-,-,Mahi,Mahi,-,-,-,-,23.30000000,73.67416667,02-08-1995 08:30,1
110,BHADAR AT BHADAR DAM,Gujarat SW GW,8,Rajasthan,105,JHALAWAR,KHANPUR,-,-,Mahi,Mahi,-,-,-,-,23.30000000,73.67416667,03-08-1995 08:30,7
111,BHADAR AT BHADAR DAM,Gujarat SW GW,8,Rajasthan,105,JHALAWAR,KHANPUR,-,-,Mahi,Mahi,-,-,-,-,23.30000000,73.67416667,04-08-1995 08:30,1
112,BHADAR AT BHADAR DAM,Gujarat SW GW,8,Rajasthan,105,JHALAWAR,KHANPUR,-,-,Mahi,Mahi,-,-,-,-,23.30000000,73.67416667,05-08-1995 08:30,0.5
113,BHADAR AT BHADAR DAM,Gujarat SW GW,8,Rajasthan,105,JHALAWAR,KHANPUR,-,-,Mahi,Mahi,-,-,-,-,23.30000000,73.67416667,06-08-1995 08:30,0.5
114,BHADAR AT BHADAR DAM,Gujarat SW GW,8,Rajasthan,105,JHALAWAR,KHANPUR,-,-,Mahi,Mahi,-,-,-,-,23.30000000,73.67416667,07-08-1995 08:30,2
115,BHADAR AT BHADAR DAM,Gujarat SW GW,8,Rajasthan,105,JHALAWAR,KHANPUR,-,-,Mahi,Mahi,-,-,-,-,23.30000000,73.67416667,13-08-1995 08:30,1
116,BHADAR AT BHADAR DAM,Gujarat SW GW,8,Rajasthan,105,JHALAWAR,KHANPUR,-,-,Mahi,Mahi,-,-,-,-,23.30000000,73.67416667,14-08-1995 08:30,3
117,BHADAR AT BHADAR DAM,Gujarat SW GW,8,Rajasthan,105,JHALAWAR,KHANPUR,-,-,Mahi,Mahi,-,-,-,-,23.30000000,73.67416667,16-08-1995 08:30,3
118,BHADAR AT BHADAR DAM,Gujarat SW GW,8,Rajasthan,105,JHALAWAR,KHANPUR,-,-,Mahi,Mahi,-,-,-,-,23.30000000,73.67416667,25-08-1995 08:30,31
119,BHADAR AT BHADAR DAM,Gujarat SW GW,8,Rajasthan,105,JHALAWAR,KHANPUR,-,-,Mahi,Mahi,-,-,-,-,23.30000000,73.67416667,26-08-1995 08:30,2
120,BHADAR AT BHADAR DAM,Gujarat SW GW,8,Rajasthan,105,JHALAWAR,KHANPUR,-,-,Mahi,Mahi,-,-,-,-,23.30000000,73.67416667,27-08-1995 08:30,38
121,BHADAR AT BHADAR DAM,Gujarat SW GW,8,Rajasthan,105,JHALAWAR,KHANPUR,-,-,Mahi,Mahi,-,-,-,-,23.30000000,73.67416667,28-08-1995 08:30,4
122,BHADAR AT BHADAR DAM,Gujarat SW GW,8,Rajasthan,105,JHALAWAR,KHANPUR,-,-,Mahi,Mahi,-,-,-,-,23.30000000,73.67416667,29-08-1995 08:30,5
123,BHADAR AT BHADAR DAM,Gujarat SW GW,8,Rajasthan,105,JHALAWAR,KHANPUR,-,-,Mahi,Mahi,-,-,-,-,23.30000000,73.67416667,31-08-1995 08:30,20
124,BHADAR AT BHADAR DAM,Gujarat SW GW,8,Rajasthan,105,JHALAWAR,KHANPUR,-,-,Mahi,Mahi,-,-,-,-,23.30000000,73.67416667,01-09-1995 08:30,1
125,BHADAR AT BHADAR DAM,Gujarat SW GW,8,Rajasthan,105,JHALAWAR,KHANPUR,-,-,Mahi,Mahi,-,-,-,-,23.30000000,73.67416667,02-09-1995 08:30,5
126,BHADAR AT BHADAR DAM,Gujarat SW GW,8,Rajasthan,105,JHALAWAR,KHANPUR,-,-,Mahi,Mahi,-,-,-,-,23.30000000,73.67416667,03-09-1995 08:30,40
127,BHADAR AT BHADAR DAM,Gujarat SW GW,8,Rajasthan,105,JHALAWAR,KHANPUR,-,-,Mahi,Mahi,-,-,-,-,23.30000000,73.67416667,04-09-1995 08:30,10
128,BHADAR AT BHADAR DAM,Gujarat SW GW,8,Rajasthan,105,JHALAWAR,KHANPUR,-,-,Mahi,Mahi,-,-,-,-,23.30000000,73.67416667,15-10-1995 08:30,11
129,BHADAR AT BHADAR DAM,Gujarat SW GW,8,Rajasthan,105,JHALAWAR,KHANPUR,-,-,Mahi,Mahi,-,-,-,-,23.30000000,73.67416667,13-06-1996 08:30,7
130,BHADAR AT BHADAR DAM,Gujarat SW GW,8,Rajasthan,105,JHALAWAR,KHANPUR,-,-,Mahi,Mahi,-,-,-,-,23.30000000,73.67416667,14-06-1996 08:30,3
131,BHADAR AT BHADAR DAM,Gujarat SW GW,8,Rajasthan,105,JHALAWAR,KHANPUR,-,-,Mahi,Mahi,-,-,-,-,23.30000000,73.67416667,17-06-1996 08:30,18
132,BHADAR AT BHADAR DAM,Gujarat SW GW,8,Rajasthan,105,JHALAWAR,KHANPUR,-,-,Mahi,Mahi,-,-,-,-,23.30000000,73.67416667,18-06-1996 08:30,6
133,BHADAR AT BHADAR DAM,Gujarat SW GW,8,Rajasthan,105,JHALAWAR,KHANPUR,-,-,Mahi,Mahi,-,-,-,-,23.30000000,73.67416667,19-06-1996 08:30,4
134,BHADAR AT BHADAR DAM,Gujarat SW GW,8,Rajasthan,105,JHALAWAR,KHANPUR,-,-,Mahi,Mahi,-,-,-,-,23.30000000,73.67416667,20-06-1996 08:30,6
135,BHADAR AT BHADAR DAM,Gujarat SW GW,8,Rajasthan,105,JHALAWAR,KHANPUR,-,-,Mahi,Mahi,-,-,-,-,23.30000000,73.67416667,21-06-1996 08:30,17
136,BHADAR AT BHADAR DAM,Gujarat SW GW,8,Rajasthan,105,JHALAWAR,KHANPUR,-,-,Mahi,Mahi,-,-,-,-,23.30000000,73.67416667,30-06-1996 08:30,5
137,BHADAR AT BHADAR DAM,Gujarat SW GW,8,Rajasthan,105,JHALAWAR,KHANPUR,-,-,Mahi,Mahi,-,-,-,-,23.30000000,73.67416667,08-07-1996 08:30,2
138,BHADAR AT BHADAR DAM,Gujarat SW GW,8,Rajasthan,105,JHALAWAR,KHANPUR,-,-,Mahi,Mahi,-,-,-,-,23.30000000,73.67416667,15-07-1996 08:30,50
139,BHADAR AT BHADAR DAM,Gujarat SW GW,8,Rajasthan,105,JHALAWAR,KHANPUR,-,-,Mahi,Mahi,-,-,-,-,23.30000000,73.67416667,20-07-1996 08:30,2
140,BHADAR AT BHADAR DAM,Gujarat SW GW,8,Rajasthan,105,JHALAWAR,KHANPUR,-,-,Mahi,Mahi,-,-,-,-,23.30000000,73.67416667,24-07-1996 08:30,35
141,BHADAR AT BHADAR DAM,Gujarat SW GW,8,Rajasthan,105,JHALAWAR,KHANPUR,-,-,Mahi,Mahi,-,-,-,-,23.30000000,73.67416667,27-07-1996 08:30,45
142,BHADAR AT BHADAR DAM,Gujarat SW GW,8,Rajasthan,105,JHALAWAR,KHANPUR,-,-,Mahi,Mahi,-,-,-,-,23.30000000,73.67416667,28-07-1996 08:30,146
143,BHADAR AT BHADAR DAM,Gujarat SW GW,8,Rajasthan,105,JHALAWAR,KHANPUR,-,-,Mahi,Mahi,-,-,-,-,23.30000000,73.67416667,29-07-1996 08:30,40
144,BHADAR AT BHADAR DAM,Gujarat SW GW,8,Rajasthan,105,JHALAWAR,KHANPUR,-,-,Mahi,Mahi,-,-,-,-,23.30000000,73.67416667,30-07-1996 08:30,8
145,BHADAR AT BHADAR DAM,Gujarat SW GW,8,Rajasthan,105,JHALAWAR,KHANPUR,-,-,Mahi,Mahi,-,-,-,-,23.30000000,73.67416667,31-07-1996 08:30,2
146,BHADAR AT BHADAR DAM,Gujarat SW GW,8,Rajasthan,105,JHALAWAR,KHANPUR,-,-,Mahi,Mahi,-,-,-,-,23.30000000,73.67416667,01-08-1996 08:30,1
147,BHADAR AT BHADAR DAM,Gujarat SW GW,8,Rajasthan,105,JHALAWAR,KHANPUR,-,-,Mahi,Mahi,-,-,-,-,23.30000000,73.67416667,02-08-1996 08:30,6
148,BHADAR AT BHADAR DAM,Gujarat SW GW,8,Rajasthan,105,JHALAWAR,KHANPUR,-,-,Mahi,Mahi,-,-,-,-,23.30000000,73.67416667,03-08-1996 08:30,4
149,BHADAR AT BHADAR DAM,Gujarat SW GW,8,Rajasthan,105,JHALAWAR,KHANPUR,-,-,Mahi,Mahi,-,-,-,-,23.30000000,73.67416667,04-08-1996 08:30,2
150,BHADAR AT BHADAR DAM,Gujarat SW GW,8,Rajasthan,105,JHALAWAR,KHANPUR,-,-,Mahi,Mahi,-,-,-,-,23.30000000,73.67416667,05-08-1996 08:30,4
151,BHADAR AT BHADAR DAM,Gujarat SW GW,8,Rajasthan,105,JHALAWAR,KHANPUR,-,-,Mahi,Mahi,-,-,-,-,23.30000000,73.67416667,06-08-1996 08:30,48
152,BHADAR AT BHADAR DAM,Gujarat SW GW,8,Rajasthan,105,JHALAWAR,KHANPUR,-,-,Mahi,Mahi,-,-,-,-,23.30000000,73.67416667,07-08-1996 08:30,50
153,BHADAR AT BHADAR DAM,Gujarat SW GW,8,Rajasthan,105,JHALAWAR,KHANPUR,-,-,Mahi,Mahi,-,-,-,-,23.30000000,73.67416667,08-08-1996 08:30,40
154,BHADAR AT BHADAR DAM,Gujarat SW GW,8,Rajasthan,105,JHALAWAR,KHANPUR,-,-,Mahi,Mahi,-,-,-,-,23.30000000,73.67416667,09-08-1996 08:30,5
155,BHADAR AT BHADAR DAM,Gujarat SW GW,8,Rajasthan,105,JHALAWAR,KHANPUR,-,-,Mahi,Mahi,-,-,-,-,23.30000000,73.67416667,14-08-1996 08:30,2
156,BHADAR AT BHADAR DAM,Gujarat SW GW,8,Rajasthan,105,JHALAWAR,KHANPUR,-,-,Mahi,Mahi,-,-,-,-,23.30000000,73.67416667,15-08-1996 08:30,9
157,BHADAR AT BHADAR DAM,Gujarat SW GW,8,Rajasthan,105,JHALAWAR,KHANPUR,-,-,Mahi,Mahi,-,-,-,-,23.30000000,73.67416667,17-08-1996 08:30,3
158,BHADAR AT BHADAR DAM,Gujarat SW GW,8,Rajasthan,105,JHALAWAR,KHANPUR,-,-,Mahi,Mahi,-,-,-,-,23.30000000,73.67416667,19-08-1996 08:30,5
159,BHADAR AT BHADAR DAM,Gujarat SW GW,8,Rajasthan,105,JHALAWAR,KHANPUR,-,-,Mahi,Mahi,-,-,-,-,23.30000000,73.67416667,20-08-1996 08:30,8
160,BHADAR AT BHADAR DAM,Gujarat SW GW,8,Rajasthan,105,JHALAWAR,KHANPUR,-,-,Mahi,Mahi,-,-,-,-,23.30000000,73.67416667,27-08-1996 08:30,7
161,BHADAR AT BHADAR DAM,Gujarat SW GW,8,Rajasthan,105,JHALAWAR,KHANPUR,-,-,Mahi,Mahi,-,-,-,-,23.30000000,73.67416667,28-08-1996 08:30,7
162,BHADAR AT BHADAR DAM,Gujarat SW GW,8,Rajasthan,105,JHALAWAR,KHANPUR,-,-,Mahi,Mahi,-,-,-,-,23.30000000,73.67416667,29-08-1996 08:30,2
163,BHADAR AT BHADAR DAM,Gujarat SW GW,8,Rajasthan,105,JHALAWAR,KHANPUR,-,-,Mahi,Mahi,-,-,-,-,23.30000000,73.67416667,30-08-1996 08:30,28
164,BHADAR AT BHADAR DAM,Gujarat SW GW,8,Rajasthan,105,JHALAWAR,KHANPUR,-,-,Mahi,Mahi,-,-,-,-,23.30000000,73.67416667,31-08-1996 08:30,5
165,BHADAR AT BHADAR DAM,Gujarat SW GW,8,Rajasthan,105,JHALAWAR,KHANPUR,-,-,Mahi,Mahi,-,-,-,-,23.30000000,73.67416667,01-09-1996 08:30,5
166,BHADAR AT BHADAR DAM,Gujarat SW GW,8,Rajasthan,105,JHALAWAR,KHANPUR,-,-,Mahi,Mahi,-,-,-,-,23.30000000,73.67416667,06-09-1996 08:30,10
167,BHADAR AT BHADAR DAM,Gujarat SW GW,8,Rajasthan,105,JHALAWAR,KHANPUR,-,-,Mahi,Mahi,-,-,-,-,23.30000000,73.67416667,07-09-1996 08:30,6
168,BHADAR AT BHADAR DAM,Gujarat SW GW,8,Rajasthan,105,JHALAWAR,KHANPUR,-,-,Mahi,Mahi,-,-,-,-,23.30000000,73.67416667,08-09-1996 08:30,29
169,BHADAR AT BHADAR DAM,Gujarat SW GW,8,Rajasthan,105,JHALAWAR,KHANPUR,-,-,Mahi,Mahi,-,-,-,-,23.30000000,73.67416667,09-09-1996 08:30,5
170,BHADAR AT BHADAR DAM,Gujarat SW GW,8,Rajasthan,105,JHALAWAR,KHANPUR,-,-,Mahi,Mahi,-,-,-,-,23.30000000,73.67416667,14-09-1996 08:30,23
171,BHADAR AT BHADAR DAM,Gujarat SW GW,8,Rajasthan,105,JHALAWAR,KHANPUR,-,-,Mahi,Mahi,-,-,-,-,23.30000000,73.67416667,25-10-1996 08:30,10
172,BHADAR AT BHADAR DAM,Gujarat SW GW,8,Rajasthan,105,JHALAWAR,KHANPUR,-,-,Mahi,Mahi,-,-,-,-,23.30000000,73.67416667,26-10-1996 08:30,31
173,BHADAR AT BHADAR DAM,Gujarat SW GW,8,Rajasthan,105,JHALAWAR,KHANPUR,-,-,Mahi,Mahi,-,-,-,-,23.30000000,73.67416667,27-10-1996 08:30,6
174,BHADAR AT BHADAR DAM,Gujarat SW GW,8,Rajasthan,105,JHALAWAR,KHANPUR,-,-,Mahi,Mahi,-,-,-,-,23.30000000,73.67416667,16-06-1997 08:30,16
175,BHADAR AT BHADAR DAM,Gujarat SW GW,8,Rajasthan,105,JHALAWAR,KHANPUR,-,-,Mahi,Mahi,-,-,-,-,23.30000000,73.67416667,21-06-1997 08:30,2
176,BHADAR AT BHADAR DAM,Gujarat SW GW,8,Rajasthan,105,JHALAWAR,KHANPUR,-,-,Mahi,Mahi,-,-,-,-,23.30000000,73.67416667,24-06-1997 08:30,12
177,BHADAR AT BHADAR DAM,Gujarat SW GW,8,Rajasthan,105,JHALAWAR,KHANPUR,-,-,Mahi,Mahi,-,-,-,-,23.30000000,73.67416667,25-06-1997 08:30,110
178,BHADAR AT BHADAR DAM,Gujarat SW GW,8,Rajasthan,105,JHALAWAR,KHANPUR,-,-,Mahi,Mahi,-,-,-,-,23.30000000,73.67416667,26-06-1997 08:30,100
179,BHADAR AT BHADAR DAM,Gujarat SW GW,8,Rajasthan,105,JHALAWAR,KHANPUR,-,-,Mahi,Mahi,-,-,-,-,23.30000000,73.67416667,27-06-1997 08:30,27
180,BHADAR AT BHADAR DAM,Gujarat SW GW,8,Rajasthan,105,JHALAWAR,KHANPUR,-,-,Mahi,Mahi,-,-,-,-,23.30000000,73.67416667,28-06-1997 08:30,6
181,BHADAR AT BHADAR DAM,Gujarat SW GW,8,Rajasthan,105,JHALAWAR,KHANPUR,-,-,Mahi,Mahi,-,-,-,-,23.30000000,73.67416667,30-06-1997 08:30,1
182,BHADAR AT BHADAR DAM,Gujarat SW GW,8,Rajasthan,105,JHALAWAR,KHANPUR,-,-,Mahi,Mahi,-,-,-,-,23.30000000,73.67416667,10-07-1997 08:30,1
183,BHADAR AT BHADAR DAM,Gujarat SW GW,8,Rajasthan,105,JHALAWAR,KHANPUR,-,-,Mahi,Mahi,-,-,-,-,23.30000000,73.67416667,19-07-1997 08:30,1
184,BHADAR AT BHADAR DAM,Gujarat SW GW,8,Rajasthan,105,JHALAWAR,KHANPUR,-,-,Mahi,Mahi,-,-,-,-,23.30000000,73.67416667,22-07-1997 08:30,5
185,BHADAR AT BHADAR DAM,Gujarat SW GW,8,Rajasthan,105,JHALAWAR,KHANPUR,-,-,Mahi,Mahi,-,-,-,-,23.30000000,73.67416667,26-07-1997 08:30,10
186,BHADAR AT BHADAR DAM,Gujarat SW GW,8,Rajasthan,105,JHALAWAR,KHANPUR,-,-,Mahi,Mahi,-,-,-,-,23.30000000,73.67416667,27-07-1997 08:30,130
187,BHADAR AT BHADAR DAM,Gujarat SW GW,8,Rajasthan,105,JHALAWAR,KHANPUR,-,-,Mahi,Mahi,-,-,-,-,23.30000000,73.67416667,28-07-1997 08:30,100
188,BHADAR AT BHADAR DAM,Gujarat SW GW,8,Rajasthan,105,JHALAWAR,KHANPUR,-,-,Mahi,Mahi,-,-,-,-,23.30000000,73.67416667,29-07-1997 08:30,3
189,BHADAR AT BHADAR DAM,Gujarat SW GW,8,Rajasthan,105,JHALAWAR,KHANPUR,-,-,Mahi,Mahi,-,-,-,-,23.30000000,73.67416667,30-07-1997 08:30,9
190,BHADAR AT BHADAR DAM,Gujarat SW GW,8,Rajasthan,105,JHALAWAR,KHANPUR,-,-,Mahi,Mahi,-,-,-,-,23.30000000,73.67416667,31-07-1997 08:30,18
191,BHADAR AT BHADAR DAM,Gujarat SW GW,8,Rajasthan,105,JHALAWAR,KHANPUR,-,-,Mahi,Mahi,-,-,-,-,23.30000000,73.67416667,01-08-1997 08:30,71
192,BHADAR AT BHADAR DAM,Gujarat SW GW,8,Rajasthan,105,JHALAWAR,KHANPUR,-,-,Mahi,Mahi,-,-,-,-,23.30000000,73.67416667,02-08-1997 08:30,23
193,BHADAR AT BHADAR DAM,Gujarat SW GW,8,Rajasthan,105,JHALAWAR,KHANPUR,-,-,Mahi,Mahi,-,-,-,-,23.30000000,73.67416667,03-08-1997 08:30,12
194,BHADAR AT BHADAR DAM,Gujarat SW GW,8,Rajasthan,105,JHALAWAR,KHANPUR,-,-,Mahi,Mahi,-,-,-,-,23.30000000,73.67416667,04-08-1997 08:30,2
195,BHADAR AT BHADAR DAM,Gujarat SW GW,8,Rajasthan,105,JHALAWAR,KHANPUR,-,-,Mahi,Mahi,-,-,-,-,23.30000000,73.67416667,08-08-1997 08:30,40
196,BHADAR AT BHADAR DAM,Gujarat SW GW,8,Rajasthan,105,JHALAWAR,KHANPUR,-,-,Mahi,Mahi,-,-,-,-,23.30000000,73.67416667,09-08-1997 08:30,3
197,BHADAR AT BHADAR DAM,Gujarat SW GW,8,Rajasthan,105,JHALAWAR,KHANPUR,-,-,Mahi,Mahi,-,-,-,-,23.30000000,73.67416667,11-08-1997 08:30,1
198,BHADAR AT BHADAR DAM,Gujarat SW GW,8,Rajasthan,105,JHALAWAR,KHANPUR,-,-,Mahi,Mahi,-,-,-,-,23.30000000,73.67416667,12-08-1997 08:30,1
199,BHADAR AT BHADAR DAM,Gujarat SW GW,8,Rajasthan,105,JHALAWAR,KHANPUR,-,-,Mahi,Mahi,-,-,-,-,23.30000000,73.67416667,13-08-1997 08:30,7
200,BHADAR AT BHADAR DAM,Gujarat SW GW,8,Rajasthan,105,JHALAWAR,KHANPUR,-,-,Mahi,Mahi,-,-,-,-,23.30000000,73.67416667,19-08-1997 08:30,17
201,BHADAR AT BHADAR DAM,Gujarat SW GW,8,Rajasthan,105,JHALAWAR,KHANPUR,-,-,Mahi,Mahi,-,-,-,-,23.30000000,73.67416667,23-08-1997 08:30,5
202,BHADAR AT BHADAR DAM,Gujarat SW GW,8,Rajasthan,105,JHALAWAR,KHANPUR,-,-,Mahi,Mahi,-,-,-,-,23.30000000,73.67416667,24-08-1997 08:30,44
203,BHADAR AT BHADAR DAM,Gujarat SW GW,8,Rajasthan,105,JHALAWAR,KHANPUR,-,-,Mahi,Mahi,-,-,-,-,23.30000000,73.67416667,25-08-1997 08:30,20
204,BHADAR AT BHADAR DAM,Gujarat SW GW,8,Rajasthan,105,JHALAWAR,KHANPUR,-,-,Mahi,Mahi,-,-,-,-,23.30000000,73.67416667,26-08-1997 08:30,22
205,BHADAR AT BHADAR DAM,Gujarat SW GW,8,Rajasthan,105,JHALAWAR,KHANPUR,-,-,Mahi,Mahi,-,-,-,-,23.30000000,73.67416667,27-08-1997 08:30,5
206,BHADAR AT BHADAR DAM,Gujarat SW GW,8,Rajasthan,105,JHALAWAR,KHANPUR,-,-,Mahi,Mahi,-,-,-,-,23.30000000,73.67416667,28-08-1997 08:30,2
207,BHADAR AT BHADAR DAM,Gujarat SW GW,8,Rajasthan,105,JHALAWAR,KHANPUR,-,-,Mahi,Mahi,-,-,-,-,23.30000000,73.67416667,29-08-1997 08:30,35
208,BHADAR AT BHADAR DAM,Gujarat SW GW,8,Rajasthan,105,JHALAWAR,KHANPUR,-,-,Mahi,Mahi,-,-,-,-,23.30000000,73.67416667,30-08-1997 08:30,6
209,BHADAR AT BHADAR DAM,Gujarat SW GW,8,Rajasthan,105,JHALAWAR,KHANPUR,-,-,Mahi,Mahi,-,-,-,-,23.30000000,73.67416667,31-08-1997 08:30,4
210,BHADAR AT BHADAR DAM,Gujarat SW GW,8,Rajasthan,105,JHALAWAR,KHANPUR,-,-,Mahi,Mahi,-,-,-,-,23.30000000,73.67416667,10-09-1997 08:30,10
211,BHADAR AT BHADAR DAM,Gujarat SW GW,8,Rajasthan,105,JHALAWAR,KHANPUR,-,-,Mahi,Mahi,-,-,-,-,23.30000000,73.67416667,11-09-1997 08:30,2
212,BHADAR AT BHADAR DAM,Gujarat SW GW,8,Rajasthan,105,JHALAWAR,KHANPUR,-,-,Mahi,Mahi,-,-,-,-,23.30000000,73.67416667,12-09-1997 08:30,8
213,BHADAR AT BHADAR DAM,Gujarat SW GW,8,Rajasthan,105,JHALAWAR,KHANPUR,-,-,Mahi,Mahi,-,-,-,-,23.30000000,73.67416667,13-09-1997 08:30,7
214,BHADAR AT BHADAR DAM,Gujarat SW GW,8,Rajasthan,105,JHALAWAR,KHANPUR,-,-,Mahi,Mahi,-,-,-,-,23.30000000,73.67416667,14-09-1997 08:30,2
215,BHADAR AT BHADAR DAM,Gujarat SW GW,8,Rajasthan,105,JHALAWAR,KHANPUR,-,-,Mahi,Mahi,-,-,-,-,23.30000000,73.67416667,15-09-1997 08:30,1
216,BHADAR AT BHADAR DAM,Gujarat SW GW,8,Rajasthan,105,JHALAWAR,KHANPUR,-,-,Mahi,Mahi,-,-,-,-,23.30000000,73.67416667,06-10-1997 08:30,2
217,BHADAR AT BHADAR DAM,Gujarat SW GW,8,Rajasthan,105,JHALAWAR,KHANPUR,-,-,Mahi,Mahi,-,-,-,-,23.30000000,73.67416667,10-06-1998 08:30,2
218,BHADAR AT BHADAR DAM,Gujarat SW GW,8,Rajasthan,105,JHALAWAR,KHANPUR,-,-,Mahi,Mahi,-,-,-,-,23.30000000,73.67416667,26-06-1998 08:30,1
219,BHADAR AT BHADAR DAM,Gujarat SW GW,8,Rajasthan,105,JHALAWAR,KHANPUR,-,-,Mahi,Mahi,-,-,-,-,23.30000000,73.67416667,29-06-1998 08:30,5
220,BHADAR AT BHADAR DAM,Gujarat SW GW,8,Rajasthan,105,JHALAWAR,KHANPUR,-,-,Mahi,Mahi,-,-,-,-,23.30000000,73.67416667,30-06-1998 08:30,2
221,BHADAR AT BHADAR DAM,Gujarat SW GW,8,Rajasthan,105,JHALAWAR,KHANPUR,-,-,Mahi,Mahi,-,-,-,-,23.30000000,73.67416667,03-07-1998 08:30,2
222,BHADAR AT BHADAR DAM,Gujarat SW GW,8,Rajasthan,105,JHALAWAR,KHANPUR,-,-,Mahi,Mahi,-,-,-,-,23.30000000,73.67416667,04-07-1998 08:30,15
223,BHADAR AT BHADAR DAM,Gujarat SW GW,8,Rajasthan,105,JHALAWAR,KHANPUR,-,-,Mahi,Mahi,-,-,-,-,23.30000000,73.67416667,05-07-1998 08:30,15
224,BHADAR AT BHADAR DAM,Gujarat SW GW,8,Rajasthan,105,JHALAWAR,KHANPUR,-,-,Mahi,Mahi,-,-,-,-,23.30000000,73.67416667,06-07-1998 08:30,10
225,BHADAR AT BHADAR DAM,Gujarat SW GW,8,Rajasthan,105,JHALAWAR,KHANPUR,-,-,Mahi,Mahi,-,-,-,-,23.30000000,73.67416667,07-07-1998 08:30,75
226,BHADAR AT BHADAR DAM,Gujarat SW GW,8,Rajasthan,105,JHALAWAR,KHANPUR,-,-,Mahi,Mahi,-,-,-,-,23.30000000,73.67416667,08-07-1998 08:30,7
227,BHADAR AT BHADAR DAM,Gujarat SW GW,8,Rajasthan,105,JHALAWAR,KHANPUR,-,-,Mahi,Mahi,-,-,-,-,23.30000000,73.67416667,09-07-1998 08:30,12
228,BHADAR AT BHADAR DAM,Gujarat SW GW,8,Rajasthan,105,JHALAWAR,KHANPUR,-,-,Mahi,Mahi,-,-,-,-,23.30000000,73.67416667,10-07-1998 08:30,45
229,BHADAR AT BHADAR DAM,Gujarat SW GW,8,Rajasthan,105,JHALAWAR,KHANPUR,-,-,Mahi,Mahi,-,-,-,-,23.30000000,73.67416667,14-07-1998 08:30,16
230,BHADAR AT BHADAR DAM,Gujarat SW GW,8,Rajasthan,105,JHALAWAR,KHANPUR,-,-,Mahi,Mahi,-,-,-,-,23.30000000,73.67416667,15-07-1998 08:30,4
231,BHADAR AT BHADAR DAM,Gujarat SW GW,8,Rajasthan,105,JHALAWAR,KHANPUR,-,-,Mahi,Mahi,-,-,-,-,23.30000000,73.67416667,16-07-1998 08:30,5
232,BHADAR AT BHADAR DAM,Gujarat SW GW,8,Rajasthan,105,JHALAWAR,KHANPUR,-,-,Mahi,Mahi,-,-,-,-,23.30000000,73.67416667,17-07-1998 08:30,25
233,BHADAR AT BHADAR DAM,Gujarat SW GW,8,Rajasthan,105,JHALAWAR,KHANPUR,-,-,Mahi,Mahi,-,-,-,-,23.30000000,73.67416667,19-07-1998 08:30,1
234,BHADAR AT BHADAR DAM,Gujarat SW GW,8,Rajasthan,105,JHALAWAR,KHANPUR,-,-,Mahi,Mahi,-,-,-,-,23.30000000,73.67416667,20-07-1998 08:30,1
235,BHADAR AT BHADAR DAM,Gujarat SW GW,8,Rajasthan,105,JHALAWAR,KHANPUR,-,-,Mahi,Mahi,-,-,-,-,23.30000000,73.67416667,30-07-1998 08:30,6
236,BHADAR AT BHADAR DAM,Gujarat SW GW,8,Rajasthan,105,JHALAWAR,KHANPUR,-,-,Mahi,Mahi,-,-,-,-,23.30000000,73.67416667,02-08-1998 08:30,44
237,BHADAR AT BHADAR DAM,Gujarat SW GW,8,Rajasthan,105,JHALAWAR,KHANPUR,-,-,Mahi,Mahi,-,-,-,-,23.30000000,73.67416667,09-08-1998 08:30,2
238,BHADAR AT BHADAR DAM,Gujarat SW GW,8,Rajasthan,105,JHALAWAR,KHANPUR,-,-,Mahi,Mahi,-,-,-,-,23.30000000,73.67416667,11-08-1998 08:30,1
239,BHADAR AT BHADAR DAM,Gujarat SW GW,8,Rajasthan,105,JHALAWAR,KHANPUR,-,-,Mahi,Mahi,-,-,-,-,23.30000000,73.67416667,12-08-1998 08:30,25
240,BHADAR AT BHADAR DAM,Gujarat SW GW,8,Rajasthan,105,JHALAWAR,KHANPUR,-,-,Mahi,Mahi,-,-,-,-,23.30000000,73.67416667,13-08-1998 08:30,4
241,BHADAR AT BHADAR DAM,Gujarat SW GW,8,Rajasthan,105,JHALAWAR,KHANPUR,-,-,Mahi,Mahi,-,-,-,-,23.30000000,73.67416667,15-08-1998 08:30,2
242,BHADAR AT BHADAR DAM,Gujarat SW GW,8,Rajasthan,105,JHALAWAR,KHANPUR,-,-,Mahi,Mahi,-,-,-,-,23.30000000,73.67416667,26-08-1998 08:30,16
243,BHADAR AT BHADAR DAM,Gujarat SW GW,8,Rajasthan,105,JHALAWAR,KHANPUR,-,-,Mahi,Mahi,-,-,-,-,23.30000000,73.67416667,27-08-1998 08:30,20
244,BHADAR AT BHADAR DAM,Gujarat SW GW,8,Rajasthan,105,JHALAWAR,KHANPUR,-,-,Mahi,Mahi,-,-,-,-,23.30000000,73.67416667,28-08-1998 08:30,1
245,BHADAR AT BHADAR DAM,Gujarat SW GW,8,Rajasthan,105,JHALAWAR,KHANPUR,-,-,Mahi,Mahi,-,-,-,-,23.30000000,73.67416667,31-08-1998 08:30,6
246,BHADAR AT BHADAR DAM,Gujarat SW GW,8,Rajasthan,105,JHALAWAR,KHANPUR,-,-,Mahi,Mahi,-,-,-,-,23.30000000,73.67416667,03-09-1998 08:30,5
247,BHADAR AT BHADAR DAM,Gujarat SW GW,8,Rajasthan,105,JHALAWAR,KHANPUR,-,-,Mahi,Mahi,-,-,-,-,23.30000000,73.67416667,08-09-1998 08:30,26
248,BHADAR AT BHADAR DAM,Gujarat SW GW,8,Rajasthan,105,JHALAWAR,KHANPUR,-,-,Mahi,Mahi,-,-,-,-,23.30000000,73.67416667,09-09-1998 08:30,11
249,BHADAR AT BHADAR DAM,Gujarat SW GW,8,Rajasthan,105,JHALAWAR,KHANPUR,-,-,Mahi,Mahi,-,-,-,-,23.30000000,73.67416667,10-09-1998 08:30,3
250,BHADAR AT BHADAR DAM,Gujarat SW GW,8,Rajasthan,105,JHALAWAR,KHANPUR,-,-,Mahi,Mahi,-,-,-,-,23.30000000,73.67416667,12-09-1998 08:30,5
251,BHADAR AT BHADAR DAM,Gujarat SW GW,8,Rajasthan,105,JHALAWAR,KHANPUR,-,-,Mahi,Mahi,-,-,-,-,23.30000000,73.67416667,14-09-1998 08:30,15
252,BHADAR AT BHADAR DAM,Gujarat SW GW,8,Rajasthan,105,JHALAWAR,KHANPUR,-,-,Mahi,Mahi,-,-,-,-,23.30000000,73.67416667,15-09-1998 08:30,34
253,BHADAR AT BHADAR DAM,Gujarat SW GW,8,Rajasthan,105,JHALAWAR,KHANPUR,-,-,Mahi,Mahi,-,-,-,-,23.30000000,73.67416667,16-09-1998 08:30,8
254,BHADAR AT BHADAR DAM,Gujarat SW GW,8,Rajasthan,105,JHALAWAR,KHANPUR,-,-,Mahi,Mahi,-,-,-,-,23.30000000,73.67416667,17-09-1998 08:30,100
255,BHADAR AT BHADAR DAM,Gujarat SW GW,8,Rajasthan,105,JHALAWAR,KHANPUR,-,-,Mahi,Mahi,-,-,-,-,23.30000000,73.67416667,18-09-1998 08:30,9
256,BHADAR AT BHADAR DAM,Gujarat SW GW,8,Rajasthan,105,JHALAWAR,KHANPUR,-,-,Mahi,Mahi,-,-,-,-,23.30000000,73.67416667,19-09-1998 08:30,1
257,BHADAR AT BHADAR DAM,Gujarat SW GW,8,Rajasthan,105,JHALAWAR,KHANPUR,-,-,Mahi,Mahi,-,-,-,-,23.30000000,73.67416667,22-09-1998 08:30,5
258,BHADAR AT BHADAR DAM,Gujarat SW GW,8,Rajasthan,105,JHALAWAR,KHANPUR,-,-,Mahi,Mahi,-,-,-,-,23.30000000,73.67416667,23-09-1998 08:30,1
259,BHADAR AT BHADAR DAM,Gujarat SW GW,8,Rajasthan,105,JHALAWAR,KHANPUR,-,-,Mahi,Mahi,-,-,-,-,23.30000000,73.67416667,24-09-1998 08:30,4
260,BHADAR AT BHADAR DAM,Gujarat SW GW,8,Rajasthan,105,JHALAWAR,KHANPUR,-,-,Mahi,Mahi,-,-,-,-,23.30000000,73.67416667,25-09-1998 08:30,5
261,BHADAR AT BHADAR DAM,Gujarat SW GW,8,Rajasthan,105,JHALAWAR,KHANPUR,-,-,Mahi,Mahi,-,-,-,-,23.30000000,73.67416667,28-09-1998 08:30,4
262,BHADAR AT BHADAR DAM,Gujarat SW GW,8,Rajasthan,105,JHALAWAR,KHANPUR,-,-,Mahi,Mahi,-,-,-,-,23.30000000,73.67416667,14-10-1998 08:30,5
263,BHADAR AT BHADAR DAM,Gujarat SW GW,8,Rajasthan,105,JHALAWAR,KHANPUR,-,-,Mahi,Mahi,-,-,-,-,23.30000000,73.67416667,15-10-1998 08:30,15
264,BHADAR AT BHADAR DAM,Gujarat SW GW,8,Rajasthan,105,JHALAWAR,KHANPUR,-,-,Mahi,Mahi,-,-,-,-,23.30000000,73.67416667,17-10-1998 08:30,10
265,BHADAR AT BHADAR DAM,Gujarat SW GW,8,Rajasthan,105,JHALAWAR,KHANPUR,-,-,Mahi,Mahi,-,-,-,-,23.30000000,73.67416667,18-10-1998 08:30,11
266,BHADAR AT BHADAR DAM,Gujarat SW GW,8,Rajasthan,105,JHALAWAR,KHANPUR,-,-,Mahi,Mahi,-,-,-,-,23.30000000,73.67416667,12-06-1999 08:30,6
267,BHADAR AT BHADAR DAM,Gujarat SW GW,8,Rajasthan,105,JHALAWAR,KHANPUR,-,-,Mahi,Mahi,-,-,-,-,23.30000000,73.67416667,18-06-1999 08:30,5
268,BHADAR AT BHADAR DAM,Gujarat SW GW,8,Rajasthan,105,JHALAWAR,KHANPUR,-,-,Mahi,Mahi,-,-,-,-,23.30000000,73.67416667,19-06-1999 08:30,6
269,BHADAR AT BHADAR DAM,Gujarat SW GW,8,Rajasthan,105,JHALAWAR,KHANPUR,-,-,Mahi,Mahi,-,-,-,-,23.30000000,73.67416667,20-06-1999 08:30,58
270,BHADAR AT BHADAR DAM,Gujarat SW GW,8,Rajasthan,105,JHALAWAR,KHANPUR,-,-,Mahi,Mahi,-,-,-,-,23.30000000,73.67416667,21-06-1999 08:30,32
271,BHADAR AT BHADAR DAM,Gujarat SW GW,8,Rajasthan,105,JHALAWAR,KHANPUR,-,-,Mahi,Mahi,-,-,-,-,23.30000000,73.67416667,22-06-1999 08:30,14
272,BHADAR AT BHADAR DAM,Gujarat SW GW,8,Rajasthan,105,JHALAWAR,KHANPUR,-,-,Mahi,Mahi,-,-,-,-,23.30000000,73.67416667,23-06-1999 08:30,2
273,BHADAR AT BHADAR DAM,Gujarat SW GW,8,Rajasthan,105,JHALAWAR,KHANPUR,-,-,Mahi,Mahi,-,-,-,-,23.30000000,73.67416667,08-07-1999 08:30,7
274,BHADAR AT BHADAR DAM,Gujarat SW GW,8,Rajasthan,105,JHALAWAR,KHANPUR,-,-,Mahi,Mahi,-,-,-,-,23.30000000,73.67416667,13-07-1999 08:30,10
275,BHADAR AT BHADAR DAM,Gujarat SW GW,8,Rajasthan,105,JHALAWAR,KHANPUR,-,-,Mahi,Mahi,-,-,-,-,23.30000000,73.67416667,14-07-1999 08:30,2
276,BHADAR AT BHADAR DAM,Gujarat SW GW,8,Rajasthan,105,JHALAWAR,KHANPUR,-,-,Mahi,Mahi,-,-,-,-,23.30000000,73.67416667,16-07-1999 08:30,2
277,BHADAR AT BHADAR DAM,Gujarat SW GW,8,Rajasthan,105,JHALAWAR,KHANPUR,-,-,Mahi,Mahi,-,-,-,-,23.30000000,73.67416667,19-07-1999 08:30,48
278,BHADAR AT BHADAR DAM,Gujarat SW GW,8,Rajasthan,105,JHALAWAR,KHANPUR,-,-,Mahi,Mahi,-,-,-,-,23.30000000,73.67416667,20-07-1999 08:30,3
279,BHADAR AT BHADAR DAM,Gujarat SW GW,8,Rajasthan,105,JHALAWAR,KHANPUR,-,-,Mahi,Mahi,-,-,-,-,23.30000000,73.67416667,21-07-1999 08:30,21
280,BHADAR AT BHADAR DAM,Gujarat SW GW,8,Rajasthan,105,JHALAWAR,KHANPUR,-,-,Mahi,Mahi,-,-,-,-,23.30000000,73.67416667,22-07-1999 08:30,7
281,BHADAR AT BHADAR DAM,Gujarat SW GW,8,Rajasthan,105,JHALAWAR,KHANPUR,-,-,Mahi,Mahi,-,-,-,-,23.30000000,73.67416667,23-07-1999 08:30,1
282,BHADAR AT BHADAR DAM,Gujarat SW GW,8,Rajasthan,105,JHALAWAR,KHANPUR,-,-,Mahi,Mahi,-,-,-,-,23.30000000,73.67416667,30-07-1999 08:30,3
283,BHADAR AT BHADAR DAM,Gujarat SW GW,8,Rajasthan,105,JHALAWAR,KHANPUR,-,-,Mahi,Mahi,-,-,-,-,23.30000000,73.67416667,01-08-1999 08:30,12
284,BHADAR AT BHADAR DAM,Gujarat SW GW,8,Rajasthan,105,JHALAWAR,KHANPUR,-,-,Mahi,Mahi,-,-,-,-,23.30000000,73.67416667,05-08-1999 08:30,7
285,BHADAR AT BHADAR DAM,Gujarat SW GW,8,Rajasthan,105,JHALAWAR,KHANPUR,-,-,Mahi,Mahi,-,-,-,-,23.30000000,73.67416667,06-08-1999 08:30,1
286,BHADAR AT BHADAR DAM,Gujarat SW GW,8,Rajasthan,105,JHALAWAR,KHANPUR,-,-,Mahi,Mahi,-,-,-,-,23.30000000,73.67416667,07-08-1999 08:30,23
287,BHADAR AT BHADAR DAM,Gujarat SW GW,8,Rajasthan,105,JHALAWAR,KHANPUR,-,-,Mahi,Mahi,-,-,-,-,23.30000000,73.67416667,10-09-1999 08:30,2
288,BHADAR AT BHADAR DAM,Gujarat SW GW,8,Rajasthan,105,JHALAWAR,KHANPUR,-,-,Mahi,Mahi,-,-,-,-,23.30000000,73.67416667,11-09-1999 08:30,16
289,BHADAR AT BHADAR DAM,Gujarat SW GW,8,Rajasthan,105,JHALAWAR,KHANPUR,-,-,Mahi,Mahi,-,-,-,-,23.30000000,73.67416667,21-09-1999 08:30,16
290,BHADAR AT BHADAR DAM,Gujarat SW GW,8,Rajasthan,105,JHALAWAR,KHANPUR,-,-,Mahi,Mahi,-,-,-,-,23.30000000,73.67416667,23-09-1999 08:30,7
291,BHADAR AT BHADAR DAM,Gujarat SW GW,8,Rajasthan,105,JHALAWAR,KHANPUR,-,-,Mahi,Mahi,-,-,-,-,23.30000000,73.67416667,11-10-1999 08:30,42
292,BHADAR AT BHADAR DAM,Gujarat SW GW,8,Rajasthan,105,JHALAWAR,KHANPUR,-,-,Mahi,Mahi,-,-,-,-,23.30000000,73.67416667,12-10-1999 08:30,3
293,BHADAR AT BHADAR DAM,Gujarat SW GW,8,Rajasthan,105,JHALAWAR,KHANPUR,-,-,Mahi,Mahi,-,-,-,-,23.30000000,73.67416667,20-05-2000 08:30,25
294,BHADAR AT BHADAR DAM,Gujarat SW GW,8,Rajasthan,105,JHALAWAR,KHANPUR,-,-,Mahi,Mahi,-,-,-,-,23.30000000,73.67416667,04-06-2000 08:30,12
295,BHADAR AT BHADAR DAM,Gujarat SW GW,8,Rajasthan,105,JHALAWAR,KHANPUR,-,-,Mahi,Mahi,-,-,-,-,23.30000000,73.67416667,05-06-2000 08:30,8
296,BHADAR AT BHADAR DAM,Gujarat SW GW,8,Rajasthan,105,JHALAWAR,KHANPUR,-,-,Mahi,Mahi,-,-,-,-,23.30000000,73.67416667,08-06-2000 08:30,5
297,BHADAR AT BHADAR DAM,Gujarat SW GW,8,Rajasthan,105,JHALAWAR,KHANPUR,-,-,Mahi,Mahi,-,-,-,-,23.30000000,73.67416667,09-06-2000 08:30,7
298,BHADAR AT BHADAR DAM,Gujarat SW GW,8,Rajasthan,105,JHALAWAR,KHANPUR,-,-,Mahi,Mahi,-,-,-,-,23.30000000,73.67416667,30-06-2000 08:30,10
299,BHADAR AT BHADAR DAM,Gujarat SW GW,8,Rajasthan,105,JHALAWAR,KHANPUR,-,-,Mahi,Mahi,-,-,-,-,23.30000000,73.67416667,12-07-2000 08:30,7
300,BHADAR AT BHADAR DAM,Gujarat SW GW,8,Rajasthan,105,JHALAWAR,KHANPUR,-,-,Mahi,Mahi,-,-,-,-,23.30000000,73.67416667,13-07-2000 08:30,7
301,BHADAR AT BHADAR DAM,Gujarat SW GW,8,Rajasthan,105,JHALAWAR,KHANPUR,-,-,Mahi,Mahi,-,-,-,-,23.30000000,73.67416667,14-07-2000 08:30,24
302,BHADAR AT BHADAR DAM,Gujarat SW GW,8,Rajasthan,105,JHALAWAR,KHANPUR,-,-,Mahi,Mahi,-,-,-,-,23.30000000,73.67416667,15-07-2000 08:30,3
303,BHADAR AT BHADAR DAM,Gujarat SW GW,8,Rajasthan,105,JHALAWAR,KHANPUR,-,-,Mahi,Mahi,-,-,-,-,23.30000000,73.67416667,17-07-2000 08:30,1
304,BHADAR AT BHADAR DAM,Gujarat SW GW,8,Rajasthan,105,JHALAWAR,KHANPUR,-,-,Mahi,Mahi,-,-,-,-,23.30000000,73.67416667,18-07-2000 08:30,20
305,BHADAR AT BHADAR DAM,Gujarat SW GW,8,Rajasthan,105,JHALAWAR,KHANPUR,-,-,Mahi,Mahi,-,-,-,-,23.30000000,73.67416667,21-07-2000 08:30,4
306,BHADAR AT BHADAR DAM,Gujarat SW GW,8,Rajasthan,105,JHALAWAR,KHANPUR,-,-,Mahi,Mahi,-,-,-,-,23.30000000,73.67416667,22-07-2000 08:30,3
307,BHADAR AT BHADAR DAM,Gujarat SW GW,8,Rajasthan,105,JHALAWAR,KHANPUR,-,-,Mahi,Mahi,-,-,-,-,23.30000000,73.67416667,24-07-2000 08:30,4
308,BHADAR AT BHADAR DAM,Gujarat SW GW,8,Rajasthan,105,JHALAWAR,KHANPUR,-,-,Mahi,Mahi,-,-,-,-,23.30000000,73.67416667,11-08-2000 08:30,39
309,BHADAR AT BHADAR DAM,Gujarat SW GW,8,Rajasthan,105,JHALAWAR,KHANPUR,-,-,Mahi,Mahi,-,-,-,-,23.30000000,73.67416667,12-08-2000 08:30,26.5
310,BHADAR AT BHADAR DAM,Gujarat SW GW,8,Rajasthan,105,JHALAWAR,KHANPUR,-,-,Mahi,Mahi,-,-,-,-,23.30000000,73.67416667,14-08-2000 08:30,7
311,BHADAR AT BHADAR DAM,Gujarat SW GW,8,Rajasthan,105,JHALAWAR,KHANPUR,-,-,Mahi,Mahi,-,-,-,-,23.30000000,73.67416667,15-08-2000 08:30,12.5
312,BHADAR AT BHADAR DAM,Gujarat SW GW,8,Rajasthan,105,JHALAWAR,KHANPUR,-,-,Mahi,Mahi,-,-,-,-,23.30000000,73.67416667,17-08-2000 08:30,2
313,BHADAR AT BHADAR DAM,Gujarat SW GW,8,Rajasthan,105,JHALAWAR,KHANPUR,-,-,Mahi,Mahi,-,-,-,-,23.30000000,73.67416667,23-08-2000 08:30,10
314,BHADAR AT BHADAR DAM,Gujarat SW GW,8,Rajasthan,105,JHALAWAR,KHANPUR,-,-,Mahi,Mahi,-,-,-,-,23.30000000,73.67416667,27-08-2000 08:30,10
315,BHADAR AT BHADAR DAM,Gujarat SW GW,8,Rajasthan,105,JHALAWAR,KHANPUR,-,-,Mahi,Mahi,-,-,-,-,23.30000000,73.67416667,05-09-2000 08:30,0.3
316,BHADAR AT BHADAR DAM,Gujarat SW GW,8,Rajasthan,105,JHALAWAR,KHANPUR,-,-,Mahi,Mahi,-,-,-,-,23.30000000,73.67416667,06-09-2000 08:30,16.3
317,BHADAR AT BHADAR DAM,Gujarat SW GW,8,Rajasthan,105,JHALAWAR,KHANPUR,-,-,Mahi,Mahi,-,-,-,-,23.30000000,73.67416667,13-10-2000 08:30,18
